[
  {
      "ProducerName": "Universal Sausage Grinder",
      "InputIdentifier": "Universal Sausage",
      "InputStack": 1,
      "MinutesUntilReady": 240,
      "OutputIdentifier": "Universal Sausage",
      "OutputName": "Recursive Universal Sausage",
      "OutputTranslationKey": "AnythingSausage.UniversalSausageRecursive",
      "OutputStack": 1,
      "KeepInputParentIndex": false,
      "InputPriceBased": true,
      "OutputPriceIncrement": 108,
      "Sounds": ["Ship"],
      "OutputColorConfig": {
        "Type": "ObjectColor",
        "Red": 225,
        "Green": 245,
        "Blue": 255,
      },
  },
  // By Category
  {
      "ProducerName": "Universal Sausage Grinder",
      "InputIdentifier": "-2", // GEM
      "InputStack": 1,
      "MinutesUntilReady": 240,
      "OutputIdentifier": "Universal Sausage",
      "OutputName": "{inputName} Sausage",
      "OutputTranslationKey": "AnythingSausage.UniversalSausage",
      "OutputStack": 1,
      "KeepInputParentIndex": false,
      "InputPriceBased": true,
      "OutputPriceIncrement": 108,
      "Sounds": ["Ship"],
      "OutputColorConfig": {
        "Type": "ObjectColor",
        "Red": 140,
        "Green": 60,
        "Blue": 245,
      },
  },
  {
      "ProducerName": "Universal Sausage Grinder",
      "InputIdentifier": "-4", // FISH
      "InputStack": 1,
      "MinutesUntilReady": 240,
      "OutputIdentifier": "Universal Sausage",
      "OutputName": "{inputName} Sausage",
      "OutputTranslationKey": "AnythingSausage.UniversalSausage",
      "OutputStack": 1,
      "KeepInputParentIndex": false,
      "InputPriceBased": true,
      "OutputPriceIncrement": 108,
      "Sounds": ["Ship"],
      "OutputColorConfig": {
        "Type": "ObjectColor",
        "Red": 50,
        "Green": 200,
        "Blue": 120,
      },
  },
  {
      "ProducerName": "Universal Sausage Grinder",
      "InputIdentifier": "-5", // EGG
      "InputStack": 1,
      "MinutesUntilReady": 240,
      "OutputIdentifier": "Universal Sausage",
      "OutputName": "{inputName} Sausage",
      "OutputTranslationKey": "AnythingSausage.UniversalSausage",
      "OutputStack": 1,
      "KeepInputParentIndex": false,
      "InputPriceBased": true,
      "OutputPriceIncrement": 108,
      "Sounds": ["Ship"],
      "OutputColorConfig": {
        "Type": "ObjectColor",
        "Red": 255,
        "Green": 255,
        "Blue": 245,
      },
  },
  {
      "ProducerName": "Universal Sausage Grinder",
      "InputIdentifier": "-6", // MILK
      "InputStack": 1,
      "MinutesUntilReady": 240,
      "OutputIdentifier": "Universal Sausage",
      "OutputName": "{inputName} Sausage",
      "OutputTranslationKey": "AnythingSausage.UniversalSausage",
      "OutputStack": 1,
      "KeepInputParentIndex": false,
      "InputPriceBased": true,
      "OutputPriceIncrement": 108,
      "Sounds": ["Ship"],
      "OutputColorConfig": {
        "Type": "ObjectColor",
        "Red": 255,
        "Green": 255,
        "Blue": 245,
      },
  },
  {
      "ProducerName": "Universal Sausage Grinder",
      "InputIdentifier": "-7", // COOKING
      "InputStack": 1,
      "MinutesUntilReady": 240,
      "OutputIdentifier": "Universal Sausage",
      "OutputName": "{inputName} Sausage",
      "OutputTranslationKey": "AnythingSausage.UniversalSausage",
      "OutputStack": 1,
      "KeepInputParentIndex": false,
      "InputPriceBased": true,
      "OutputPriceIncrement": 108,
      "Sounds": ["Ship"],
      "OutputColorConfig": {
        "Type": "ObjectColor",
        "Red": 255,
        "Green": 200,
        "Blue": 0,
      },
  },
  {
      "ProducerName": "Universal Sausage Grinder",
      "InputIdentifier": "-8", // CRAFTING
      "InputStack": 1,
      "MinutesUntilReady": 240,
      "OutputIdentifier": "Universal Sausage",
      "OutputName": "{inputName} Sausage",
      "OutputTranslationKey": "AnythingSausage.UniversalSausage",
      "OutputStack": 1,
      "KeepInputParentIndex": false,
      "InputPriceBased": true,
      "OutputPriceIncrement": 108,
      "Sounds": ["Ship"],
      "OutputColorConfig": {
        "Type": "ObjectColor",
        "Red": 0,
        "Green": 180,
        "Blue": 255,
      },
  },
  {
      "ProducerName": "Universal Sausage Grinder",
      "InputIdentifier": "-12", // MINERAL
      "InputStack": 1,
      "MinutesUntilReady": 240,
      "OutputIdentifier": "Universal Sausage",
      "OutputName": "{inputName} Sausage",
      "OutputTranslationKey": "AnythingSausage.UniversalSausage",
      "OutputStack": 1,
      "KeepInputParentIndex": false,
      "InputPriceBased": true,
      "OutputPriceIncrement": 108,
      "Sounds": ["Ship"],
      "OutputColorConfig": {
        "Type": "ObjectColor",
        "Red": 141,
        "Green": 61,
        "Blue": 245,
      },
  },
  {
      "ProducerName": "Universal Sausage Grinder",
      "InputIdentifier": "-14", // MEAT
      "InputStack": 1,
      "MinutesUntilReady": 240,
      "OutputIdentifier": "Universal Sausage",
      "OutputName": "{inputName} Sausage",
      "OutputTranslationKey": "AnythingSausage.UniversalSausage",
      "OutputStack": 1,
      "KeepInputParentIndex": false,
      "InputPriceBased": true,
      "OutputPriceIncrement": 108,
      "Sounds": ["Ship"],
      "OutputColorConfig": {
        "Type": "ObjectColor",
        "Red": 255,
        "Green": 40,
        "Blue": 0,
      },
  },
  {
      "ProducerName": "Universal Sausage Grinder",
      "InputIdentifier": "-15", // METAL
      "InputStack": 1,
      "MinutesUntilReady": 240,
      "OutputIdentifier": "Universal Sausage",
      "OutputName": "{inputName} Sausage",
      "OutputTranslationKey": "AnythingSausage.UniversalSausage",
      "OutputStack": 1,
      "KeepInputParentIndex": false,
      "InputPriceBased": true,
      "OutputPriceIncrement": 108,
      "Sounds": ["Ship"],
      "OutputColorConfig": {
        "Type": "ObjectColor",
        "Red": 200,
        "Green": 200,
        "Blue": 200,
      },
  },
  {
      "ProducerName": "Universal Sausage Grinder",
      "InputIdentifier": "-16", // BUILDING
      "InputStack": 1,
      "MinutesUntilReady": 240,
      "OutputIdentifier": "Universal Sausage",
      "OutputName": "{inputName} Sausage",
      "OutputTranslationKey": "AnythingSausage.UniversalSausage",
      "OutputStack": 1,
      "KeepInputParentIndex": false,
      "InputPriceBased": true,
      "OutputPriceIncrement": 108,
      "Sounds": ["Ship"],
      "OutputColorConfig": {
        "Type": "ObjectColor",
        "Red": 150,
        "Green": 150,
        "Blue": 150,
      },
  },
  {
      "ProducerName": "Universal Sausage Grinder",
      "InputIdentifier": "-17", // ?
      "InputStack": 1,
      "MinutesUntilReady": 240,
      "OutputIdentifier": "Universal Sausage",
      "OutputName": "{inputName} Sausage",
      "OutputTranslationKey": "AnythingSausage.UniversalSausage",
      "OutputStack": 1,
      "KeepInputParentIndex": false,
      "InputPriceBased": true,
      "OutputPriceIncrement": 108,
      "Sounds": ["Ship"],
      "OutputColorConfig": {
        "Type": "ObjectColor",
        "Red": 120,
        "Green": 255,
        "Blue": 0,
      },
  },
  {
      "ProducerName": "Universal Sausage Grinder",
      "InputIdentifier": "-18", // ANIMAL PRODUCT
      "InputStack": 1,
      "MinutesUntilReady": 240,
      "OutputIdentifier": "Universal Sausage",
      "OutputName": "{inputName} Sausage",
      "OutputTranslationKey": "AnythingSausage.UniversalSausage",
      "OutputStack": 1,
      "KeepInputParentIndex": false,
      "InputPriceBased": true,
      "OutputPriceIncrement": 108,
      "Sounds": ["Ship"],
      "OutputColorConfig": {
        "Type": "ObjectColor",
        "Red": 150,
        "Green": 150,
        "Blue": 150,
      },
  },
  {
      "ProducerName": "Universal Sausage Grinder",
      "InputIdentifier": "-19", // FERTILIZER
      "InputStack": 1,
      "MinutesUntilReady": 240,
      "OutputIdentifier": "Universal Sausage",
      "OutputName": "{inputName} Sausage",
      "OutputTranslationKey": "AnythingSausage.UniversalSausage",
      "OutputStack": 1,
      "KeepInputParentIndex": false,
      "InputPriceBased": true,
      "OutputPriceIncrement": 108,
      "Sounds": ["Ship"],
      "OutputColorConfig": {
        "Type": "ObjectColor",
        "Red": 15,
        "Green": 190,
        "Blue": 0,
      },
  },
  {
      "ProducerName": "Universal Sausage Grinder",
      "InputIdentifier": "-20", // JUNK
      "InputStack": 1,
      "MinutesUntilReady": 240,
      "OutputIdentifier": "Universal Sausage",
      "OutputName": "{inputName} Sausage",
      "OutputTranslationKey": "AnythingSausage.UniversalSausage",
      "OutputStack": 1,
      "KeepInputParentIndex": false,
      "InputPriceBased": true,
      "OutputPriceIncrement": 108,
      "Sounds": ["Ship"],
      "OutputColorConfig": {
        "Type": "ObjectColor",
        "Red": 150,
        "Green": 150,
        "Blue": 150,
      },
  },
  {
      "ProducerName": "Universal Sausage Grinder",
      "InputIdentifier": "-21", // BAIT
      "InputStack": 1,
      "MinutesUntilReady": 240,
      "OutputIdentifier": "Universal Sausage",
      "OutputName": "{inputName} Sausage",
      "OutputTranslationKey": "AnythingSausage.UniversalSausage",
      "OutputStack": 1,
      "KeepInputParentIndex": false,
      "InputPriceBased": true,
      "OutputPriceIncrement": 108,
      "Sounds": ["Ship"],
      "OutputColorConfig": {
        "Type": "ObjectColor",
        "Red": 190,
        "Green": 100,
        "Blue": 180,
      },
  },
  {
      "ProducerName": "Universal Sausage Grinder",
      "InputIdentifier": "-22", // TACKLE
      "InputStack": 1,
      "MinutesUntilReady": 240,
      "OutputIdentifier": "Universal Sausage",
      "OutputName": "{inputName} Sausage",
      "OutputTranslationKey": "AnythingSausage.UniversalSausage",
      "OutputStack": 1,
      "KeepInputParentIndex": false,
      "InputPriceBased": true,
      "OutputPriceIncrement": 108,
      "Sounds": ["Ship"],
      "OutputColorConfig": {
        "Type": "ObjectColor",
        "Red": 150,
        "Green": 150,
        "Blue": 150,
      },
  },
  {
      "ProducerName": "Universal Sausage Grinder",
      "InputIdentifier": "-23", // SELL AT WILLY'S
      "InputStack": 1,
      "MinutesUntilReady": 240,
      "OutputIdentifier": "Universal Sausage",
      "OutputName": "{inputName} Sausage",
      "OutputTranslationKey": "AnythingSausage.UniversalSausage",
      "OutputStack": 1,
      "KeepInputParentIndex": false,
      "InputPriceBased": true,
      "OutputPriceIncrement": 108,
      "Sounds": ["Ship"],
      "OutputColorConfig": {
        "Type": "ObjectColor",
        "Red": 50,
        "Green": 200,
        "Blue": 120,
      },
  },
  {
      "ProducerName": "Universal Sausage Grinder",
      "InputIdentifier": "-25", // INGREDIENTS
      "InputStack": 1,
      "MinutesUntilReady": 240,
      "OutputIdentifier": "Universal Sausage",
      "OutputName": "{inputName} Sausage",
      "OutputTranslationKey": "AnythingSausage.UniversalSausage",
      "OutputStack": 1,
      "KeepInputParentIndex": false,
      "InputPriceBased": true,
      "OutputPriceIncrement": 108,
      "Sounds": ["Ship"],
      "OutputColorConfig": {
        "Type": "ObjectColor",
        "Red": 250,
        "Green": 150,
        "Blue": 150,
      },
  },
  {
      "ProducerName": "Universal Sausage Grinder",
      "InputIdentifier": "-26", // ARTISAN GOODS
      "InputStack": 1,
      "ExcludeIdentifiers" : [ "Universal Sausage" ],
      "MinutesUntilReady": 240,
      "OutputIdentifier": "Universal Sausage",
      "OutputName": "{inputName} Sausage",
      "OutputTranslationKey": "AnythingSausage.UniversalSausage",
      "OutputStack": 1,
      "KeepInputParentIndex": false,
      "InputPriceBased": true,
      "OutputPriceIncrement": 108,
      "Sounds": ["Ship"],
      "OutputColorConfig": {
        "Type": "ObjectColor",
        "Red": 100,
        "Green": 185,
        "Blue": 130,
      },
  },
  {
      "ProducerName": "Universal Sausage Grinder",
      "InputIdentifier": "-27", // SYRUP
      "InputStack": 1,
      "MinutesUntilReady": 240,
      "OutputIdentifier": "Universal Sausage",
      "OutputName": "{inputName} Sausage",
      "OutputTranslationKey": "AnythingSausage.UniversalSausage",
      "OutputStack": 1,
      "KeepInputParentIndex": false,
      "InputPriceBased": true,
      "OutputPriceIncrement": 108,
      "Sounds": ["Ship"],
      "OutputColorConfig": {
        "Type": "ObjectColor",
        "Red": 100,
        "Green": 185,
        "Blue": 130,
      },
  },
  {
      "ProducerName": "Universal Sausage Grinder",
      "InputIdentifier": "-28", // MONSTER LOOT
      "InputStack": 1,
      "MinutesUntilReady": 240,
      "OutputIdentifier": "Universal Sausage",
      "OutputName": "{inputName} Sausage",
      "OutputTranslationKey": "AnythingSausage.UniversalSausage",
      "OutputStack": 1,
      "KeepInputParentIndex": false,
      "InputPriceBased": true,
      "OutputPriceIncrement": 108,
      "Sounds": ["Ship"],
      "OutputColorConfig": {
        "Type": "ObjectColor",
        "Red": 190,
        "Green": 100,
        "Blue": 180,
      },
  },
  {
      "ProducerName": "Universal Sausage Grinder",
      "InputIdentifier": "-74", // SEEDS
      "InputStack": 1,
      "MinutesUntilReady": 240,
      "OutputIdentifier": "Universal Sausage",
      "OutputName": "{inputName} Sausage",
      "OutputTranslationKey": "AnythingSausage.UniversalSausage",
      "OutputStack": 1,
      "KeepInputParentIndex": false,
      "InputPriceBased": true,
      "OutputPriceIncrement": 108,
      "Sounds": ["Ship"],
      "OutputColorConfig": {
        "Type": "ObjectColor",
        "Red": 65,
        "Green": 255,
        "Blue": 135,
      },
  },
  {
      "ProducerName": "Universal Sausage Grinder",
      "InputIdentifier": "-75", // VEGETABLE
      "InputStack": 1,
      "MinutesUntilReady": 240,
      "OutputIdentifier": "Universal Sausage",
      "OutputName": "{inputName} Sausage",
      "OutputTranslationKey": "AnythingSausage.UniversalSausage",
      "OutputStack": 1,
      "KeepInputParentIndex": false,
      "InputPriceBased": true,
      "OutputPriceIncrement": 108,
      "Sounds": ["Ship"],
      "OutputColorConfig": {
        "Type": "ObjectColor",
        "Red": 0,
        "Green": 175,
        "Blue": 65,
      },
  },
  {
      "ProducerName": "Universal Sausage Grinder",
      "InputIdentifier": "-79", // FRUIT
      "InputStack": 1,
      "MinutesUntilReady": 240,
      "OutputIdentifier": "Universal Sausage",
      "OutputName": "{inputName} Sausage",
      "OutputTranslationKey": "AnythingSausage.UniversalSausage",
      "OutputStack": 1,
      "KeepInputParentIndex": false,
      "InputPriceBased": true,
      "OutputPriceIncrement": 108,
      "Sounds": ["Ship"],
      "OutputColorConfig": {
        "Type": "ObjectColor",
        "Red": 175,
        "Green": 0,
        "Blue": 120,
      },
  },
  {
      "ProducerName": "Universal Sausage Grinder",
      "InputIdentifier": "-80", // FLOWER
      "InputStack": 1,
      "MinutesUntilReady": 240,
      "OutputIdentifier": "Universal Sausage",
      "OutputName": "{inputName} Sausage",
      "OutputTranslationKey": "AnythingSausage.UniversalSausage",
      "OutputStack": 1,
      "KeepInputParentIndex": false,
      "InputPriceBased": true,
      "OutputPriceIncrement": 108,
      "Sounds": ["Ship"],
      "OutputColorConfig": {
        "Type": "ObjectColor",
        "Red": 255,
        "Green": 160,
        "Blue": 220,
      },
  },
  {
      "ProducerName": "Universal Sausage Grinder",
      "InputIdentifier": "-81", // GREENS
      "InputStack": 1,
      "MinutesUntilReady": 240,
      "OutputIdentifier": "Universal Sausage",
      "OutputName": "{inputName} Sausage",
      "OutputTranslationKey": "AnythingSausage.UniversalSausage",
      "OutputStack": 1,
      "KeepInputParentIndex": false,
      "InputPriceBased": true,
      "OutputPriceIncrement": 108,
      "Sounds": ["Ship"],
      "OutputColorConfig": {
        "Type": "ObjectColor",
        "Red": 0,
        "Green": 175,
        "Blue": 65,
      },
  },
  // Dangerous Categories
  {
      "ProducerName": "Universal Sausage Grinder",
      "InputIdentifier": "-9", // BIG CRAFTABLES
      "InputStack": 1,
      "MinutesUntilReady": 240,
      "OutputIdentifier": "Universal Sausage",
      "OutputName": "{inputName} Sausage",
      "OutputTranslationKey": "AnythingSausage.UniversalSausage",
      "OutputStack": 1,
      "KeepInputParentIndex": false,
      "InputPriceBased": true,
      "OutputPriceIncrement": 108,
      "Sounds": ["Ship"],
      "OutputColorConfig": {
        "Type": "ObjectColor",
        "Red": 150,
        "Green": 150,
        "Blue": 150,
      },
  },
  {
      "ProducerName": "Universal Sausage Grinder",
      "InputIdentifier": "-29", // EQUIPMENT
      "InputStack": 1,
      "MinutesUntilReady": 240,
      "OutputIdentifier": "Universal Sausage",
      "OutputName": "{inputName} Sausage",
      "OutputTranslationKey": "AnythingSausage.UniversalSausage",
      "OutputStack": 1,
      "KeepInputParentIndex": false,
      "InputPriceBased": true,
      "OutputPriceIncrement": 108,
      "Sounds": ["Ship"],
      "OutputColorConfig": {
        "Type": "ObjectColor",
        "Red": 150,
        "Green": 150,
        "Blue": 150,
      },
  },
  {
      "ProducerName": "Universal Sausage Grinder",
      "InputIdentifier": "-95", // HAT
      "InputStack": 1,
      "MinutesUntilReady": 240,
      "OutputIdentifier": "Universal Sausage",
      "OutputName": "{inputName} Sausage",
      "OutputTranslationKey": "AnythingSausage.UniversalSausage",
      "OutputStack": 1,
      "KeepInputParentIndex": false,
      "InputPriceBased": true,
      "OutputPriceIncrement": 108,
      "Sounds": ["Ship"],
      "OutputColorConfig": {
        "Type": "ObjectColor",
        "Red": 255,
        "Green": 200,
        "Blue": 0,
      },
  },
  {
      "ProducerName": "Universal Sausage Grinder",
      "InputIdentifier": "-96", // RING
      "InputStack": 1,
      "MinutesUntilReady": 240,
      "OutputIdentifier": "Universal Sausage",
      "OutputName": "{inputName} Sausage",
      "OutputTranslationKey": "AnythingSausage.UniversalSausage",
      "OutputStack": 1,
      "KeepInputParentIndex": false,
      "InputPriceBased": true,
      "OutputPriceIncrement": 108,
      "Sounds": ["Ship"],
      "OutputColorConfig": {
        "Type": "ObjectColor",
        "Red": 255,
        "Green": 200,
        "Blue": 0,
      },
  },
  {
      "ProducerName": "Universal Sausage Grinder",
      "InputIdentifier": "-98", // WEAPON
      "InputStack": 1,
      "MinutesUntilReady": 240,
      "OutputIdentifier": "Universal Sausage",
      "OutputName": "{inputName} Sausage",
      "OutputTranslationKey": "AnythingSausage.UniversalSausage",
      "OutputStack": 1,
      "KeepInputParentIndex": false,
      "InputPriceBased": true,
      "OutputPriceIncrement": 108,
      "Sounds": ["Ship"],
      "OutputColorConfig": {
        "Type": "ObjectColor",
        "Red": 255,
        "Green": 200,
        "Blue": 0,
      },
  },
  {
      "ProducerName": "Universal Sausage Grinder",
      "InputIdentifier": "-99", // TOOL
      "InputStack": 1,
      "MinutesUntilReady": 240,
      "OutputIdentifier": "Universal Sausage",
      "OutputName": "{inputName} Sausage",
      "OutputTranslationKey": "AnythingSausage.UniversalSausage",
      "OutputStack": 1,
      "KeepInputParentIndex": false,
      "InputPriceBased": true,
      "OutputPriceIncrement": 108,
      "Sounds": ["Ship"],
      "OutputColorConfig": {
        "Type": "ObjectColor",
        "Red": 255,
        "Green": 200,
        "Blue": 0,
      },
  },
  // Nothing
//  {
//    "ProducerName": "Universal Sausage Grinder",
//    "InputIdentifier": null,
//    "MinutesUntilReady": 240,
//    "OutputIdentifier":"Universal Sausage",
//    "OutputName": "Nothing Sausage",
//    "OutputTranslationKey": "AnythingSausage.UniversalSausageNothing",
//    "InputPriceBased": true,
//    "OutputPriceIncrement": 1,
//    "OutputStack": 1,
//    "Sounds": ["Ship"],
//  },
]